user_id,event_name,event_time,channel,platform,device
1001,visit,2025-02-08 19:28:00,organic,web,ios
1001,signup,2025-02-08 19:36:00,organic,web,ios
1001,login,2025-02-08 19:43:00,organic,web,ios
1001,purchase,2025-02-08 20:06:00,organic,web,ios
1002,visit,2025-01-11 10:23:00,social,web,desktop
1002,signup,2025-01-11 10:31:00,social,web,desktop
1003,visit,2025-01-22 20:01:00,paid_ads,web,ios
1003,signup,2025-01-22 20:07:00,paid_ads,web,ios
1003,login,2025-01-22 20:35:00,paid_ads,web,ios
1003,purchase,2025-01-22 20:47:00,paid_ads,web,ios
1004,visit,2025-02-27 21:43:00,organic,mobile,desktop
1004,signup,2025-02-27 22:10:00,organic,mobile,desktop
1004,login,2025-02-27 22:20:00,organic,mobile,desktop
1004,purchase,2025-02-27 22:36:00,organic,mobile,desktop
1005,visit,2025-01-15 14:50:00,organic,web,desktop
1005,signup,2025-01-15 15:10:00,organic,web,desktop
1005,login,2025-01-15 15:13:00,organic,web,desktop
1006,visit,2025-01-07 20:08:00,paid_ads,web,ios
1006,signup,2025-01-07 20:12:00,paid_ads,web,ios
1007,visit,2025-01-14 17:57:00,paid_ads,mobile,desktop
1007,signup,2025-01-14 18:18:00,paid_ads,mobile,desktop
1007,login,2025-01-14 18:46:00,paid_ads,mobile,desktop
1007,purchase,2025-01-14 18:53:00,paid_ads,mobile,desktop
1008,visit,2025-02-13 07:46:00,referral,mobile,desktop
1008,signup,2025-02-13 08:03:00,referral,mobile,desktop
1008,login,2025-02-13 08:11:00,referral,mobile,desktop
1009,visit,2025-01-06 21:41:00,paid_ads,mobile,android
1009,signup,2025-01-06 22:10:00,paid_ads,mobile,android
1010,visit,2025-01-26 11:33:00,social,web,desktop
1010,signup,2025-01-26 11:37:00,social,web,desktop
1010,login,2025-01-26 11:53:00,social,web,desktop
1010,purchase,2025-01-26 12:07:00,social,web,desktop
1011,visit,2025-01-23 07:20:00,social,web,desktop
1011,signup,2025-01-23 07:38:00,social,web,desktop
1011,login,2025-01-23 08:02:00,social,web,desktop
1011,purchase,2025-01-23 08:47:00,social,web,desktop
1012,visit,2025-02-10 14:44:00,referral,web,android
1012,signup,2025-02-10 14:51:00,referral,web,android
1012,login,2025-02-10 14:52:00,referral,web,android
1012,purchase,2025-02-10 15:16:00,referral,web,android
1013,visit,2025-01-11 18:16:00,social,mobile,desktop
1013,signup,2025-01-11 18:19:00,social,mobile,desktop
1014,visit,2025-01-05 09:38:00,referral,web,android
1014,signup,2025-01-05 10:06:00,referral,web,android
1015,visit,2025-01-08 11:33:00,organic,mobile,ios
1015,signup,2025-01-08 11:56:00,organic,mobile,ios
1015,login,2025-01-08 12:20:00,organic,mobile,ios
1016,visit,2025-02-13 07:21:00,social,web,ios
1017,visit,2025-01-01 02:36:00,organic,web,ios
1018,visit,2025-01-03 00:04:00,paid_ads,mobile,desktop
1018,signup,2025-01-03 00:18:00,paid_ads,mobile,desktop
1018,login,2025-01-03 00:27:00,paid_ads,mobile,desktop
1019,visit,2025-01-26 09:59:00,paid_ads,web,android
1019,signup,2025-01-26 10:06:00,paid_ads,web,android
1019,login,2025-01-26 10:35:00,paid_ads,web,android
1020,visit,2025-01-30 04:22:00,social,mobile,ios
1020,signup,2025-01-30 04:37:00,social,mobile,ios
1021,visit,2025-02-05 12:31:00,social,web,android
1021,signup,2025-02-05 12:50:00,social,web,android
1021,login,2025-02-05 12:52:00,social,web,android
1022,visit,2025-02-26 20:05:00,social,web,ios
1022,signup,2025-02-26 20:17:00,social,web,ios
1022,login,2025-02-26 20:28:00,social,web,ios
1022,purchase,2025-02-26 21:23:00,social,web,ios
1023,visit,2025-01-28 06:32:00,social,web,ios
1023,signup,2025-01-28 06:59:00,social,web,ios
1023,login,2025-01-28 07:19:00,social,web,ios
1023,purchase,2025-01-28 07:22:00,social,web,ios
1024,visit,2025-02-08 05:07:00,paid_ads,web,desktop
1024,signup,2025-02-08 05:12:00,paid_ads,web,desktop
1024,login,2025-02-08 05:22:00,paid_ads,web,desktop
1024,purchase,2025-02-08 05:37:00,paid_ads,web,desktop
1025,visit,2025-02-28 21:31:00,referral,mobile,android
1025,signup,2025-02-28 21:40:00,referral,mobile,android
1025,login,2025-02-28 21:57:00,referral,mobile,android
1025,purchase,2025-02-28 22:09:00,referral,mobile,android
1026,visit,2025-02-08 01:02:00,paid_ads,mobile,desktop
1026,signup,2025-02-08 01:19:00,paid_ads,mobile,desktop
1027,visit,2025-02-28 16:01:00,paid_ads,web,android
1027,signup,2025-02-28 16:23:00,paid_ads,web,android
1027,login,2025-02-28 16:24:00,paid_ads,web,android
1028,visit,2025-01-02 20:43:00,referral,mobile,desktop
1028,signup,2025-01-02 20:49:00,referral,mobile,desktop
1028,login,2025-01-02 20:53:00,referral,mobile,desktop
1028,purchase,2025-01-02 21:49:00,referral,mobile,desktop
1029,visit,2025-02-28 16:37:00,paid_ads,mobile,desktop
1029,signup,2025-02-28 16:57:00,paid_ads,mobile,desktop
1030,visit,2025-01-22 10:47:00,referral,mobile,ios
1030,signup,2025-01-22 10:56:00,referral,mobile,ios
1030,login,2025-01-22 11:02:00,referral,mobile,ios
1031,visit,2025-01-03 19:59:00,referral,web,android
1031,signup,2025-01-03 20:18:00,referral,web,android
1032,visit,2025-01-19 19:31:00,paid_ads,web,ios
1032,signup,2025-01-19 19:40:00,paid_ads,web,ios
1032,login,2025-01-19 19:47:00,paid_ads,web,ios
1033,visit,2025-01-01 10:27:00,social,mobile,ios
1033,signup,2025-01-01 10:45:00,social,mobile,ios
1034,visit,2025-01-30 09:34:00,referral,mobile,desktop
1034,signup,2025-01-30 09:50:00,referral,mobile,desktop
1035,visit,2025-02-26 19:59:00,paid_ads,mobile,desktop
1035,signup,2025-02-26 20:00:00,paid_ads,mobile,desktop
1035,login,2025-02-26 20:12:00,paid_ads,mobile,desktop
1036,visit,2025-02-01 22:08:00,organic,web,desktop
1036,signup,2025-02-01 22:27:00,organic,web,desktop
1037,visit,2025-01-03 19:23:00,paid_ads,mobile,ios
1037,signup,2025-01-03 19:24:00,paid_ads,mobile,ios
1037,login,2025-01-03 19:35:00,paid_ads,mobile,ios
1038,visit,2025-02-05 05:39:00,organic,mobile,android
1038,signup,2025-02-05 05:42:00,organic,mobile,android
1038,login,2025-02-05 06:07:00,organic,mobile,android
1039,visit,2025-01-29 17:45:00,referral,mobile,ios
1039,signup,2025-01-29 18:07:00,referral,mobile,ios
1039,login,2025-01-29 18:36:00,referral,mobile,ios
1039,purchase,2025-01-29 19:09:00,referral,mobile,ios
1040,visit,2025-01-04 00:13:00,organic,web,ios
1040,signup,2025-01-04 00:33:00,organic,web,ios
1040,login,2025-01-04 00:41:00,organic,web,ios
1041,visit,2025-01-17 00:47:00,social,mobile,desktop
1041,signup,2025-01-17 01:06:00,social,mobile,desktop
1041,login,2025-01-17 01:28:00,social,mobile,desktop
1041,purchase,2025-01-17 02:06:00,social,mobile,desktop
1042,visit,2025-02-07 12:50:00,social,mobile,desktop
1043,visit,2025-01-27 01:20:00,referral,web,ios
1043,signup,2025-01-27 01:48:00,referral,web,ios
1043,login,2025-01-27 01:49:00,referral,web,ios
1043,purchase,2025-01-27 02:37:00,referral,web,ios
1044,visit,2025-01-19 03:34:00,social,web,ios
1044,signup,2025-01-19 03:51:00,social,web,ios
1045,visit,2025-01-30 13:52:00,organic,mobile,ios
1046,visit,2025-03-01 08:36:00,paid_ads,web,android
1047,visit,2025-02-18 13:52:00,paid_ads,web,ios
1047,signup,2025-02-18 14:20:00,paid_ads,web,ios
1048,visit,2025-01-21 22:32:00,social,mobile,desktop
1048,signup,2025-01-21 22:50:00,social,mobile,desktop
1048,login,2025-01-21 23:12:00,social,mobile,desktop
1049,visit,2025-02-09 13:23:00,organic,mobile,android
1049,signup,2025-02-09 13:38:00,organic,mobile,android
1050,visit,2025-01-02 09:01:00,paid_ads,web,desktop
1050,signup,2025-01-02 09:09:00,paid_ads,web,desktop
1050,login,2025-01-02 09:20:00,paid_ads,web,desktop
1051,visit,2025-02-08 09:54:00,organic,web,ios
1051,signup,2025-02-08 10:12:00,organic,web,ios
1052,visit,2025-01-13 06:56:00,referral,web,ios
1052,signup,2025-01-13 07:16:00,referral,web,ios
1052,login,2025-01-13 07:30:00,referral,web,ios
1053,visit,2025-01-12 18:22:00,paid_ads,web,ios
1053,signup,2025-01-12 18:24:00,paid_ads,web,ios
1053,login,2025-01-12 18:47:00,paid_ads,web,ios
1054,visit,2025-02-20 21:57:00,referral,web,android
1055,visit,2025-02-18 19:41:00,referral,web,ios
1056,visit,2025-02-23 10:59:00,paid_ads,mobile,android
1056,signup,2025-02-23 11:07:00,paid_ads,mobile,android
1057,visit,2025-02-13 11:04:00,social,mobile,ios
1057,signup,2025-02-13 11:10:00,social,mobile,ios
1057,login,2025-02-13 11:30:00,social,mobile,ios
1057,purchase,2025-02-13 12:05:00,social,mobile,ios
1058,visit,2025-02-24 07:51:00,referral,web,desktop
1058,signup,2025-02-24 08:09:00,referral,web,desktop
1058,login,2025-02-24 08:28:00,referral,web,desktop
1059,visit,2025-01-19 22:25:00,paid_ads,web,android
1059,signup,2025-01-19 22:46:00,paid_ads,web,android
1059,login,2025-01-19 22:55:00,paid_ads,web,android
1060,visit,2025-01-01 00:46:00,organic,web,ios
1060,signup,2025-01-01 01:08:00,organic,web,ios
1061,visit,2025-02-09 12:52:00,paid_ads,web,desktop
1061,signup,2025-02-09 13:21:00,paid_ads,web,desktop
1062,visit,2025-01-05 21:28:00,organic,web,desktop
1062,signup,2025-01-05 21:40:00,organic,web,desktop
1062,login,2025-01-05 21:59:00,organic,web,desktop
1063,visit,2025-02-26 13:27:00,organic,mobile,desktop
1063,signup,2025-02-26 13:44:00,organic,mobile,desktop
1063,login,2025-02-26 14:04:00,organic,mobile,desktop
1063,purchase,2025-02-26 14:20:00,organic,mobile,desktop
1064,visit,2025-01-26 15:20:00,paid_ads,mobile,ios
1064,signup,2025-01-26 15:21:00,paid_ads,mobile,ios
1064,login,2025-01-26 15:26:00,paid_ads,mobile,ios
1064,purchase,2025-01-26 15:36:00,paid_ads,mobile,ios
1065,visit,2025-02-23 04:35:00,referral,web,ios
1065,signup,2025-02-23 04:45:00,referral,web,ios
1065,login,2025-02-23 05:11:00,referral,web,ios
1066,visit,2025-02-25 04:44:00,paid_ads,mobile,desktop
1066,signup,2025-02-25 05:08:00,paid_ads,mobile,desktop
1067,visit,2025-01-02 16:27:00,referral,mobile,desktop
1067,signup,2025-01-02 16:54:00,referral,mobile,desktop
1068,visit,2025-01-12 17:34:00,organic,web,ios
1068,signup,2025-01-12 17:35:00,organic,web,ios
1069,visit,2025-02-12 04:11:00,referral,mobile,android
1069,signup,2025-02-12 04:12:00,referral,mobile,android
1069,login,2025-02-12 04:23:00,referral,mobile,android
1069,purchase,2025-02-12 04:36:00,referral,mobile,android
1070,visit,2025-01-12 13:01:00,referral,mobile,ios
1070,signup,2025-01-12 13:19:00,referral,mobile,ios
1070,login,2025-01-12 13:36:00,referral,mobile,ios
1071,visit,2025-01-29 09:25:00,organic,web,desktop
1071,signup,2025-01-29 09:44:00,organic,web,desktop
1071,login,2025-01-29 09:48:00,organic,web,desktop
1072,visit,2025-02-19 12:10:00,referral,mobile,desktop
1073,visit,2025-02-05 20:56:00,paid_ads,web,desktop
1073,signup,2025-02-05 21:01:00,paid_ads,web,desktop
1074,visit,2025-02-04 16:34:00,referral,web,android
1074,signup,2025-02-04 16:52:00,referral,web,android
1074,login,2025-02-04 17:16:00,referral,web,android
1075,visit,2025-02-01 04:11:00,paid_ads,mobile,android
1075,signup,2025-02-01 04:24:00,paid_ads,mobile,android
1076,visit,2025-02-04 08:29:00,paid_ads,web,android
1077,visit,2025-01-20 15:24:00,organic,web,ios
1077,signup,2025-01-20 15:51:00,organic,web,ios
1077,login,2025-01-20 15:55:00,organic,web,ios
1077,purchase,2025-01-20 16:36:00,organic,web,ios
1078,visit,2025-01-19 11:08:00,organic,web,desktop
1078,signup,2025-01-19 11:22:00,organic,web,desktop
1078,login,2025-01-19 11:42:00,organic,web,desktop
1079,visit,2025-02-16 15:52:00,paid_ads,mobile,android
1079,signup,2025-02-16 16:04:00,paid_ads,mobile,android
1079,login,2025-02-16 16:31:00,paid_ads,mobile,android
1079,purchase,2025-02-16 17:24:00,paid_ads,mobile,android
1080,visit,2025-01-23 15:56:00,referral,web,android
1080,signup,2025-01-23 16:17:00,referral,web,android
1080,login,2025-01-23 16:24:00,referral,web,android
1081,visit,2025-02-27 04:34:00,organic,web,android
1082,visit,2025-02-12 10:17:00,organic,mobile,android
1083,visit,2025-01-09 09:57:00,referral,mobile,android
1083,signup,2025-01-09 10:26:00,referral,mobile,android
1084,visit,2025-02-15 12:39:00,referral,web,desktop
1084,signup,2025-02-15 12:57:00,referral,web,desktop
1085,visit,2025-01-02 04:28:00,social,web,desktop
1085,signup,2025-01-02 04:47:00,social,web,desktop
1085,login,2025-01-02 05:00:00,social,web,desktop
1085,purchase,2025-01-02 05:52:00,social,web,desktop
1086,visit,2025-01-17 06:24:00,organic,mobile,desktop
1086,signup,2025-01-17 06:28:00,organic,mobile,desktop
1086,login,2025-01-17 06:47:00,organic,mobile,desktop
1087,visit,2025-02-23 06:26:00,organic,mobile,ios
1087,signup,2025-02-23 06:45:00,organic,mobile,ios
1087,login,2025-02-23 06:48:00,organic,mobile,ios
1087,purchase,2025-02-23 07:38:00,organic,mobile,ios
1088,visit,2025-01-28 19:27:00,paid_ads,web,ios
1088,signup,2025-01-28 19:36:00,paid_ads,web,ios
1089,visit,2025-01-03 12:27:00,organic,web,desktop
1090,visit,2025-03-01 16:24:00,organic,web,android
1091,visit,2025-02-07 20:05:00,organic,web,ios
1092,visit,2025-02-14 12:46:00,organic,web,android
1093,visit,2025-02-23 20:10:00,social,mobile,desktop
1094,visit,2025-02-05 02:18:00,social,web,android
1095,visit,2025-01-18 14:40:00,referral,web,ios
1095,signup,2025-01-18 14:55:00,referral,web,ios
1095,login,2025-01-18 15:16:00,referral,web,ios
1096,visit,2025-01-03 15:22:00,social,mobile,android
1096,signup,2025-01-03 15:34:00,social,mobile,android
1097,visit,2025-01-16 07:37:00,organic,web,android
1097,signup,2025-01-16 08:05:00,organic,web,android
1097,login,2025-01-16 08:31:00,organic,web,android
1097,purchase,2025-01-16 08:57:00,organic,web,android
1098,visit,2025-01-08 17:27:00,organic,web,ios
1098,signup,2025-01-08 17:36:00,organic,web,ios
1098,login,2025-01-08 18:03:00,organic,web,ios
1099,visit,2025-01-17 08:32:00,paid_ads,mobile,desktop
1099,signup,2025-01-17 08:45:00,paid_ads,mobile,desktop
1099,login,2025-01-17 09:14:00,paid_ads,mobile,desktop
1099,purchase,2025-01-17 09:49:00,paid_ads,mobile,desktop
1100,visit,2025-01-06 17:50:00,social,web,desktop
1100,signup,2025-01-06 18:05:00,social,web,desktop
1101,visit,2025-01-10 23:29:00,social,mobile,desktop
1102,visit,2025-02-14 04:54:00,referral,mobile,ios
1102,signup,2025-02-14 05:16:00,referral,mobile,ios
1103,visit,2025-02-01 14:48:00,organic,mobile,ios
1103,signup,2025-02-01 15:14:00,organic,mobile,ios
1103,login,2025-02-01 15:36:00,organic,mobile,ios
1104,visit,2025-02-18 12:32:00,organic,web,android
1104,signup,2025-02-18 12:35:00,organic,web,android
1104,login,2025-02-18 12:56:00,organic,web,android
1104,purchase,2025-02-18 13:02:00,organic,web,android
1105,visit,2025-01-28 16:04:00,organic,web,ios
1106,visit,2025-02-07 02:52:00,paid_ads,mobile,android
1106,signup,2025-02-07 03:13:00,paid_ads,mobile,android
1107,visit,2025-01-10 18:16:00,paid_ads,mobile,desktop
1107,signup,2025-01-10 18:25:00,paid_ads,mobile,desktop
1107,login,2025-01-10 18:44:00,paid_ads,mobile,desktop
1107,purchase,2025-01-10 18:48:00,paid_ads,mobile,desktop
1108,visit,2025-01-01 16:39:00,social,mobile,android
1108,signup,2025-01-01 17:07:00,social,mobile,android
1108,login,2025-01-01 17:14:00,social,mobile,android
1109,visit,2025-02-03 21:53:00,organic,web,ios
1110,visit,2025-02-19 11:00:00,referral,mobile,desktop
1110,signup,2025-02-19 11:05:00,referral,mobile,desktop
1110,login,2025-02-19 11:32:00,referral,mobile,desktop
1110,purchase,2025-02-19 12:20:00,referral,mobile,desktop
1111,visit,2025-02-16 22:14:00,organic,mobile,desktop
1111,signup,2025-02-16 22:28:00,organic,mobile,desktop
1112,visit,2025-02-20 06:37:00,social,web,ios
1112,signup,2025-02-20 06:39:00,social,web,ios
1112,login,2025-02-20 06:41:00,social,web,ios
1113,visit,2025-01-15 18:33:00,referral,mobile,ios
1113,signup,2025-01-15 18:39:00,referral,mobile,ios
1113,login,2025-01-15 18:54:00,referral,mobile,ios
1113,purchase,2025-01-15 19:49:00,referral,mobile,ios
1114,visit,2025-02-11 18:16:00,organic,web,desktop
1115,visit,2025-01-04 09:55:00,paid_ads,web,android
1116,visit,2025-01-17 19:23:00,paid_ads,mobile,desktop
1116,signup,2025-01-17 19:29:00,paid_ads,mobile,desktop
1116,login,2025-01-17 19:42:00,paid_ads,mobile,desktop
1116,purchase,2025-01-17 20:25:00,paid_ads,mobile,desktop
1117,visit,2025-02-17 10:50:00,organic,mobile,android
1117,signup,2025-02-17 11:13:00,organic,mobile,android
1117,login,2025-02-17 11:24:00,organic,mobile,android
1117,purchase,2025-02-17 11:32:00,organic,mobile,android
1118,visit,2025-01-04 07:03:00,organic,mobile,desktop
1118,signup,2025-01-04 07:06:00,organic,mobile,desktop
1119,visit,2025-01-27 17:57:00,paid_ads,web,android
1119,signup,2025-01-27 18:18:00,paid_ads,web,android
1119,login,2025-01-27 18:46:00,paid_ads,web,android
1119,purchase,2025-01-27 19:08:00,paid_ads,web,android
1120,visit,2025-01-21 05:00:00,referral,web,desktop
1120,signup,2025-01-21 05:12:00,referral,web,desktop
1120,login,2025-01-21 05:14:00,referral,web,desktop
1120,purchase,2025-01-21 05:40:00,referral,web,desktop
1121,visit,2025-02-14 08:25:00,paid_ads,web,android
1121,signup,2025-02-14 08:50:00,paid_ads,web,android
1121,login,2025-02-14 09:14:00,paid_ads,web,android
1122,visit,2025-02-17 16:25:00,organic,web,ios
1123,visit,2025-01-08 16:34:00,social,mobile,ios
1123,signup,2025-01-08 16:49:00,social,mobile,ios
1123,login,2025-01-08 17:13:00,social,mobile,ios
1123,purchase,2025-01-08 17:39:00,social,mobile,ios
1124,visit,2025-01-28 22:13:00,paid_ads,mobile,desktop
1124,signup,2025-01-28 22:26:00,paid_ads,mobile,desktop
1124,login,2025-01-28 22:53:00,paid_ads,mobile,desktop
1124,purchase,2025-01-28 23:00:00,paid_ads,mobile,desktop
1125,visit,2025-01-03 14:22:00,organic,mobile,desktop
1125,signup,2025-01-03 14:37:00,organic,mobile,desktop
1125,login,2025-01-03 14:55:00,organic,mobile,desktop
1125,purchase,2025-01-03 15:30:00,organic,mobile,desktop
1126,visit,2025-02-20 14:24:00,referral,web,desktop
1126,signup,2025-02-20 14:52:00,referral,web,desktop
1126,login,2025-02-20 15:17:00,referral,web,desktop
1127,visit,2025-01-22 11:24:00,referral,mobile,android
1128,visit,2025-01-20 03:09:00,paid_ads,web,desktop
1128,signup,2025-01-20 03:22:00,paid_ads,web,desktop
1128,login,2025-01-20 03:26:00,paid_ads,web,desktop
1129,visit,2025-02-03 14:07:00,paid_ads,mobile,android
1129,signup,2025-02-03 14:19:00,paid_ads,mobile,android
1129,login,2025-02-03 14:28:00,paid_ads,mobile,android
1129,purchase,2025-02-03 15:20:00,paid_ads,mobile,android
1130,visit,2025-01-26 01:58:00,social,web,android
1130,signup,2025-01-26 02:11:00,social,web,android
1130,login,2025-01-26 02:36:00,social,web,android
1130,purchase,2025-01-26 02:58:00,social,web,android
1131,visit,2025-01-21 05:05:00,social,mobile,ios
1131,signup,2025-01-21 05:09:00,social,mobile,ios
1132,visit,2025-01-30 23:54:00,social,web,desktop
1133,visit,2025-01-03 18:30:00,social,web,ios
1133,signup,2025-01-03 18:34:00,social,web,ios
1134,visit,2025-01-06 01:19:00,social,web,desktop
1135,visit,2025-01-04 14:05:00,referral,mobile,ios
1136,visit,2025-01-30 23:37:00,social,mobile,ios
1136,signup,2025-01-31 00:02:00,social,mobile,ios
1137,visit,2025-01-11 07:25:00,organic,mobile,ios
1137,signup,2025-01-11 07:37:00,organic,mobile,ios
1137,login,2025-01-11 08:03:00,organic,mobile,ios
1137,purchase,2025-01-11 08:22:00,organic,mobile,ios
1138,visit,2025-01-20 00:19:00,paid_ads,mobile,desktop
1138,signup,2025-01-20 00:34:00,paid_ads,mobile,desktop
1139,visit,2025-01-14 05:36:00,referral,web,ios
1139,signup,2025-01-14 05:40:00,referral,web,ios
1139,login,2025-01-14 05:43:00,referral,web,ios
1139,purchase,2025-01-14 06:33:00,referral,web,ios
1140,visit,2025-02-25 09:04:00,paid_ads,mobile,android
1140,signup,2025-02-25 09:16:00,paid_ads,mobile,android
1140,login,2025-02-25 09:24:00,paid_ads,mobile,android
1141,visit,2025-01-01 04:08:00,organic,mobile,ios
1141,signup,2025-01-01 04:19:00,organic,mobile,ios
1141,login,2025-01-01 04:25:00,organic,mobile,ios
1141,purchase,2025-01-01 04:55:00,organic,mobile,ios
1142,visit,2025-01-31 16:04:00,social,web,ios
1143,visit,2025-02-13 17:13:00,social,mobile,ios
1144,visit,2025-01-11 08:33:00,referral,mobile,android
1144,signup,2025-01-11 08:36:00,referral,mobile,android
1145,visit,2025-01-22 07:10:00,social,web,desktop
1145,signup,2025-01-22 07:24:00,social,web,desktop
1146,visit,2025-02-04 20:36:00,referral,mobile,ios
1147,visit,2025-02-28 13:25:00,paid_ads,mobile,android
1148,visit,2025-01-25 12:41:00,organic,mobile,android
1148,signup,2025-01-25 12:49:00,organic,mobile,android
1148,login,2025-01-25 12:57:00,organic,mobile,android
1148,purchase,2025-01-25 13:48:00,organic,mobile,android
1149,visit,2025-02-07 00:22:00,paid_ads,mobile,ios
1149,signup,2025-02-07 00:23:00,paid_ads,mobile,ios
1149,login,2025-02-07 00:24:00,paid_ads,mobile,ios
1149,purchase,2025-02-07 00:26:00,paid_ads,mobile,ios
1150,visit,2025-01-14 20:39:00,social,mobile,android
1150,signup,2025-01-14 20:46:00,social,mobile,android
1150,login,2025-01-14 20:52:00,social,mobile,android
1150,purchase,2025-01-14 21:43:00,social,mobile,android
1151,visit,2025-01-08 09:51:00,referral,web,ios
1151,signup,2025-01-08 10:20:00,referral,web,ios
1151,login,2025-01-08 10:27:00,referral,web,ios
1152,visit,2025-01-29 05:56:00,referral,web,ios
1152,signup,2025-01-29 06:01:00,referral,web,ios
1153,visit,2025-02-02 03:21:00,organic,mobile,ios
1153,signup,2025-02-02 03:26:00,organic,mobile,ios
1154,visit,2025-02-02 21:37:00,social,web,desktop
1154,signup,2025-02-02 21:52:00,social,web,desktop
1155,visit,2025-01-24 19:55:00,social,web,desktop
1155,signup,2025-01-24 20:03:00,social,web,desktop
1155,login,2025-01-24 20:18:00,social,web,desktop
1155,purchase,2025-01-24 21:03:00,social,web,desktop
1156,visit,2025-01-02 18:50:00,paid_ads,web,desktop
1156,signup,2025-01-02 19:16:00,paid_ads,web,desktop
1156,login,2025-01-02 19:21:00,paid_ads,web,desktop
1157,visit,2025-01-10 07:37:00,paid_ads,mobile,ios
1157,signup,2025-01-10 08:00:00,paid_ads,mobile,ios
1157,login,2025-01-10 08:14:00,paid_ads,mobile,ios
1158,visit,2025-01-26 12:39:00,organic,mobile,android
1158,signup,2025-01-26 13:04:00,organic,mobile,android
1158,login,2025-01-26 13:12:00,organic,mobile,android
1159,visit,2025-01-12 11:35:00,paid_ads,mobile,android
1160,visit,2025-01-05 23:36:00,referral,web,desktop
1160,signup,2025-01-05 23:46:00,referral,web,desktop
1161,visit,2025-01-31 08:53:00,organic,web,android
1161,signup,2025-01-31 09:07:00,organic,web,android
1162,visit,2025-01-22 10:22:00,paid_ads,web,ios
1162,signup,2025-01-22 10:27:00,paid_ads,web,ios
1163,visit,2025-02-15 03:53:00,referral,web,ios
1164,visit,2025-01-01 21:54:00,paid_ads,web,android
1164,signup,2025-01-01 22:09:00,paid_ads,web,android
1164,login,2025-01-01 22:18:00,paid_ads,web,android
1165,visit,2025-01-10 19:56:00,paid_ads,mobile,ios
1165,signup,2025-01-10 20:05:00,paid_ads,mobile,ios
1165,login,2025-01-10 20:25:00,paid_ads,mobile,ios
1166,visit,2025-01-11 05:01:00,social,mobile,ios
1166,signup,2025-01-11 05:28:00,social,mobile,ios
1167,visit,2025-01-17 10:58:00,referral,mobile,desktop
1167,signup,2025-01-17 11:17:00,referral,mobile,desktop
1167,login,2025-01-17 11:42:00,referral,mobile,desktop
1167,purchase,2025-01-17 11:48:00,referral,mobile,desktop
1168,visit,2025-02-22 23:32:00,referral,mobile,android
1168,signup,2025-02-22 23:43:00,referral,mobile,android
1168,login,2025-02-23 00:11:00,referral,mobile,android
1168,purchase,2025-02-23 01:00:00,referral,mobile,android
1169,visit,2025-01-07 16:19:00,paid_ads,mobile,ios
1169,signup,2025-01-07 16:39:00,paid_ads,mobile,ios
1169,login,2025-01-07 17:07:00,paid_ads,mobile,ios
1170,visit,2025-02-09 16:06:00,referral,web,android
1170,signup,2025-02-09 16:19:00,referral,web,android
1170,login,2025-02-09 16:38:00,referral,web,android
1170,purchase,2025-02-09 16:57:00,referral,web,android
1171,visit,2025-02-01 16:44:00,referral,web,ios
1171,signup,2025-02-01 17:00:00,referral,web,ios
1171,login,2025-02-01 17:18:00,referral,web,ios
1171,purchase,2025-02-01 18:09:00,referral,web,ios
1172,visit,2025-02-16 17:01:00,social,web,android
1172,signup,2025-02-16 17:18:00,social,web,android
1172,login,2025-02-16 17:24:00,social,web,android
1173,visit,2025-01-04 00:07:00,social,mobile,ios
1174,visit,2025-02-08 02:31:00,organic,web,desktop
1174,signup,2025-02-08 02:50:00,organic,web,desktop
1174,login,2025-02-08 03:18:00,organic,web,desktop
1175,visit,2025-02-24 17:06:00,paid_ads,mobile,ios
1175,signup,2025-02-24 17:07:00,paid_ads,mobile,ios
1175,login,2025-02-24 17:10:00,paid_ads,mobile,ios
1175,purchase,2025-02-24 18:09:00,paid_ads,mobile,ios
1176,visit,2025-01-08 21:56:00,paid_ads,web,desktop
1176,signup,2025-01-08 21:59:00,paid_ads,web,desktop
1177,visit,2025-01-28 14:07:00,referral,mobile,android
1177,signup,2025-01-28 14:31:00,referral,mobile,android
1178,visit,2025-02-25 13:42:00,referral,mobile,desktop
1179,visit,2025-02-21 04:53:00,paid_ads,mobile,android
1179,signup,2025-02-21 05:16:00,paid_ads,mobile,android
1180,visit,2025-01-07 09:06:00,organic,mobile,android
1180,signup,2025-01-07 09:27:00,organic,mobile,android
1180,login,2025-01-07 09:56:00,organic,mobile,android
1181,visit,2025-01-29 17:01:00,organic,mobile,android
1182,visit,2025-01-05 19:10:00,referral,mobile,ios
1182,signup,2025-01-05 19:12:00,referral,mobile,ios
1182,login,2025-01-05 19:35:00,referral,mobile,ios
1182,purchase,2025-01-05 19:40:00,referral,mobile,ios
1183,visit,2025-02-06 05:29:00,paid_ads,mobile,desktop
1183,signup,2025-02-06 05:50:00,paid_ads,mobile,desktop
1183,login,2025-02-06 06:10:00,paid_ads,mobile,desktop
1184,visit,2025-02-13 23:16:00,social,mobile,android
1185,visit,2025-02-25 13:22:00,organic,mobile,android
1185,signup,2025-02-25 13:39:00,organic,mobile,android
1185,login,2025-02-25 13:56:00,organic,mobile,android
1185,purchase,2025-02-25 14:36:00,organic,mobile,android
1186,visit,2025-01-02 12:24:00,referral,web,android
1186,signup,2025-01-02 12:46:00,referral,web,android
1186,login,2025-01-02 13:00:00,referral,web,android
1187,visit,2025-02-27 12:33:00,paid_ads,web,android
1187,signup,2025-02-27 12:44:00,paid_ads,web,android
1188,visit,2025-01-21 09:35:00,organic,web,ios
1188,signup,2025-01-21 09:37:00,organic,web,ios
1188,login,2025-01-21 10:02:00,organic,web,ios
1188,purchase,2025-01-21 10:14:00,organic,web,ios
1189,visit,2025-01-23 20:41:00,referral,web,android
1189,signup,2025-01-23 21:08:00,referral,web,android
1190,visit,2025-01-06 07:33:00,paid_ads,web,android
1190,signup,2025-01-06 07:58:00,paid_ads,web,android
1190,login,2025-01-06 08:08:00,paid_ads,web,android
1191,visit,2025-01-26 20:27:00,referral,mobile,desktop
1191,signup,2025-01-26 20:41:00,referral,mobile,desktop
1191,login,2025-01-26 21:09:00,referral,mobile,desktop
1192,visit,2025-01-01 18:52:00,referral,mobile,android
1192,signup,2025-01-01 19:18:00,referral,mobile,android
1192,login,2025-01-01 19:29:00,referral,mobile,android
1192,purchase,2025-01-01 20:05:00,referral,mobile,android
1193,visit,2025-02-18 06:39:00,referral,mobile,android
1193,signup,2025-02-18 06:41:00,referral,mobile,android
1193,login,2025-02-18 07:05:00,referral,mobile,android
1194,visit,2025-01-05 23:32:00,social,web,android
1194,signup,2025-01-05 23:47:00,social,web,android
1194,login,2025-01-05 23:50:00,social,web,android
1195,visit,2025-01-17 12:42:00,organic,web,android
1195,signup,2025-01-17 13:08:00,organic,web,android
1195,login,2025-01-17 13:17:00,organic,web,android
1195,purchase,2025-01-17 13:34:00,organic,web,android
1196,visit,2025-01-01 10:39:00,paid_ads,web,ios
1196,signup,2025-01-01 10:46:00,paid_ads,web,ios
1196,login,2025-01-01 11:04:00,paid_ads,web,ios
1197,visit,2025-02-13 18:29:00,organic,web,desktop
1197,signup,2025-02-13 18:41:00,organic,web,desktop
1197,login,2025-02-13 18:53:00,organic,web,desktop
1198,visit,2025-02-18 16:09:00,paid_ads,web,ios
1198,signup,2025-02-18 16:26:00,paid_ads,web,ios
1198,login,2025-02-18 16:42:00,paid_ads,web,ios
1199,visit,2025-01-08 20:16:00,paid_ads,web,desktop
1199,signup,2025-01-08 20:38:00,paid_ads,web,desktop
1199,login,2025-01-08 20:46:00,paid_ads,web,desktop
1199,purchase,2025-01-08 21:11:00,paid_ads,web,desktop
1200,visit,2025-01-12 14:58:00,referral,web,ios
1201,visit,2025-02-14 14:31:00,paid_ads,mobile,ios
1201,signup,2025-02-14 14:38:00,paid_ads,mobile,ios
1202,visit,2025-01-26 20:21:00,social,mobile,desktop
1203,visit,2025-01-14 14:52:00,organic,web,android
1203,signup,2025-01-14 15:11:00,organic,web,android
1204,visit,2025-02-19 22:28:00,organic,web,android
1204,signup,2025-02-19 22:48:00,organic,web,android
1205,visit,2025-01-18 09:38:00,referral,mobile,ios
1205,signup,2025-01-18 10:02:00,referral,mobile,ios
1205,login,2025-01-18 10:30:00,referral,mobile,ios
1205,purchase,2025-01-18 10:33:00,referral,mobile,ios
1206,visit,2025-02-06 10:39:00,paid_ads,web,ios
1206,signup,2025-02-06 11:02:00,paid_ads,web,ios
1206,login,2025-02-06 11:17:00,paid_ads,web,ios
1207,visit,2025-01-04 21:24:00,paid_ads,web,ios
1207,signup,2025-01-04 21:25:00,paid_ads,web,ios
1208,visit,2025-02-11 11:01:00,social,web,ios
1208,signup,2025-02-11 11:11:00,social,web,ios
1209,visit,2025-02-28 22:12:00,organic,mobile,ios
1209,signup,2025-02-28 22:15:00,organic,mobile,ios
1209,login,2025-02-28 22:29:00,organic,mobile,ios
1209,purchase,2025-02-28 23:18:00,organic,mobile,ios
1210,visit,2025-01-29 20:43:00,referral,mobile,desktop
1210,signup,2025-01-29 21:07:00,referral,mobile,desktop
1210,login,2025-01-29 21:32:00,referral,mobile,desktop
1211,visit,2025-01-25 06:19:00,social,web,android
1211,signup,2025-01-25 06:36:00,social,web,android
1211,login,2025-01-25 06:50:00,social,web,android
1211,purchase,2025-01-25 07:40:00,social,web,android
1212,visit,2025-01-04 17:36:00,referral,web,android
1212,signup,2025-01-04 17:37:00,referral,web,android
1213,visit,2025-01-15 08:14:00,social,mobile,ios
1213,signup,2025-01-15 08:38:00,social,mobile,ios
1213,login,2025-01-15 09:05:00,social,mobile,ios
1214,visit,2025-02-06 10:59:00,paid_ads,mobile,desktop
1214,signup,2025-02-06 11:23:00,paid_ads,mobile,desktop
1215,visit,2025-01-24 10:12:00,social,mobile,android
1216,visit,2025-01-07 19:03:00,referral,mobile,android
1216,signup,2025-01-07 19:23:00,referral,mobile,android
1217,visit,2025-02-23 20:50:00,paid_ads,web,android
1217,signup,2025-02-23 21:00:00,paid_ads,web,android
1217,login,2025-02-23 21:25:00,paid_ads,web,android
1217,purchase,2025-02-23 22:14:00,paid_ads,web,android
1218,visit,2025-02-27 02:55:00,referral,web,android
1218,signup,2025-02-27 03:00:00,referral,web,android
1218,login,2025-02-27 03:23:00,referral,web,android
1219,visit,2025-02-04 19:57:00,referral,mobile,desktop
1219,signup,2025-02-04 20:24:00,referral,mobile,desktop
1219,login,2025-02-04 20:42:00,referral,mobile,desktop
1219,purchase,2025-02-04 20:59:00,referral,mobile,desktop
1220,visit,2025-01-24 02:31:00,referral,mobile,desktop
1220,signup,2025-01-24 02:44:00,referral,mobile,desktop
1220,login,2025-01-24 02:59:00,referral,mobile,desktop
1220,purchase,2025-01-24 03:03:00,referral,mobile,desktop
1221,visit,2025-01-14 04:33:00,referral,web,android
1221,signup,2025-01-14 04:57:00,referral,web,android
1221,login,2025-01-14 05:25:00,referral,web,android
1221,purchase,2025-01-14 05:28:00,referral,web,android
1222,visit,2025-01-25 01:11:00,social,mobile,android
1222,signup,2025-01-25 01:26:00,social,mobile,android
1222,login,2025-01-25 01:31:00,social,mobile,android
1223,visit,2025-02-03 23:59:00,social,web,ios
1223,signup,2025-02-04 00:07:00,social,web,ios
1223,login,2025-02-04 00:23:00,social,web,ios
1223,purchase,2025-02-04 00:29:00,social,web,ios
1224,visit,2025-02-06 15:12:00,paid_ads,web,desktop
1225,visit,2025-01-13 16:49:00,referral,mobile,ios
1225,signup,2025-01-13 17:18:00,referral,mobile,ios
1226,visit,2025-01-03 23:39:00,paid_ads,mobile,ios
1226,signup,2025-01-04 00:06:00,paid_ads,mobile,ios
1227,visit,2025-02-02 05:23:00,referral,mobile,desktop
1227,signup,2025-02-02 05:31:00,referral,mobile,desktop
1227,login,2025-02-02 05:58:00,referral,mobile,desktop
1228,visit,2025-02-10 12:42:00,organic,mobile,desktop
1228,signup,2025-02-10 13:03:00,organic,mobile,desktop
1228,login,2025-02-10 13:30:00,organic,mobile,desktop
1229,visit,2025-01-07 04:42:00,referral,web,android
1230,visit,2025-02-26 18:30:00,social,mobile,ios
1231,visit,2025-01-10 10:52:00,social,mobile,ios
1231,signup,2025-01-10 11:10:00,social,mobile,ios
1232,visit,2025-01-14 12:28:00,social,mobile,ios
1232,signup,2025-01-14 12:30:00,social,mobile,ios
1232,login,2025-01-14 12:44:00,social,mobile,ios
1232,purchase,2025-01-14 13:25:00,social,mobile,ios
1233,visit,2025-01-17 07:30:00,referral,mobile,android
1233,signup,2025-01-17 07:54:00,referral,mobile,android
1234,visit,2025-02-17 05:18:00,social,web,desktop
1234,signup,2025-02-17 05:28:00,social,web,desktop
1234,login,2025-02-17 05:30:00,social,web,desktop
1234,purchase,2025-02-17 05:45:00,social,web,desktop
1235,visit,2025-01-30 04:28:00,paid_ads,mobile,desktop
1235,signup,2025-01-30 04:48:00,paid_ads,mobile,desktop
1235,login,2025-01-30 05:06:00,paid_ads,mobile,desktop
1236,visit,2025-01-17 11:21:00,paid_ads,web,desktop
1236,signup,2025-01-17 11:43:00,paid_ads,web,desktop
1236,login,2025-01-17 12:09:00,paid_ads,web,desktop
1236,purchase,2025-01-17 12:27:00,paid_ads,web,desktop
1237,visit,2025-02-19 13:46:00,referral,mobile,ios
1238,visit,2025-02-05 02:51:00,social,web,desktop
1238,signup,2025-02-05 02:58:00,social,web,desktop
1238,login,2025-02-05 02:59:00,social,web,desktop
1238,purchase,2025-02-05 03:14:00,social,web,desktop
1239,visit,2025-02-01 18:10:00,social,web,android
1239,signup,2025-02-01 18:36:00,social,web,android
1239,login,2025-02-01 18:38:00,social,web,android
1240,visit,2025-01-17 02:12:00,paid_ads,mobile,desktop
1241,visit,2025-01-15 22:28:00,paid_ads,mobile,desktop
1241,signup,2025-01-15 22:48:00,paid_ads,mobile,desktop
1242,visit,2025-02-16 13:19:00,organic,mobile,ios
1242,signup,2025-02-16 13:46:00,organic,mobile,ios
1243,visit,2025-02-13 23:27:00,paid_ads,mobile,desktop
1243,signup,2025-02-13 23:42:00,paid_ads,mobile,desktop
1243,login,2025-02-14 00:09:00,paid_ads,mobile,desktop
1244,visit,2025-01-19 04:02:00,organic,mobile,android
1244,signup,2025-01-19 04:28:00,organic,mobile,android
1245,visit,2025-01-15 01:34:00,referral,mobile,android
1245,signup,2025-01-15 01:59:00,referral,mobile,android
1246,visit,2025-01-18 14:43:00,paid_ads,web,android
1246,signup,2025-01-18 14:51:00,paid_ads,web,android
1246,login,2025-01-18 15:16:00,paid_ads,web,android
1247,visit,2025-02-22 07:14:00,referral,web,desktop
1247,signup,2025-02-22 07:32:00,referral,web,desktop
1248,visit,2025-01-03 11:52:00,referral,mobile,desktop
1249,visit,2025-02-27 02:19:00,organic,web,desktop
1249,signup,2025-02-27 02:44:00,organic,web,desktop
1249,login,2025-02-27 02:51:00,organic,web,desktop
1249,purchase,2025-02-27 03:35:00,organic,web,desktop
1250,visit,2025-01-20 03:08:00,social,web,desktop
1250,signup,2025-01-20 03:33:00,social,web,desktop
1250,login,2025-01-20 03:55:00,social,web,desktop
1251,visit,2025-02-22 01:23:00,organic,mobile,ios
1251,signup,2025-02-22 01:36:00,organic,mobile,ios
1251,login,2025-02-22 01:57:00,organic,mobile,ios
1251,purchase,2025-02-22 02:15:00,organic,mobile,ios
1252,visit,2025-02-15 14:30:00,paid_ads,mobile,android
1252,signup,2025-02-15 14:41:00,paid_ads,mobile,android
1252,login,2025-02-15 14:42:00,paid_ads,mobile,android
1253,visit,2025-02-10 07:10:00,referral,mobile,ios
1253,signup,2025-02-10 07:34:00,referral,mobile,ios
1253,login,2025-02-10 07:46:00,referral,mobile,ios
1254,visit,2025-02-01 14:15:00,referral,mobile,ios
1254,signup,2025-02-01 14:43:00,referral,mobile,ios
1255,visit,2025-01-10 07:31:00,organic,web,desktop
1256,visit,2025-02-02 01:32:00,paid_ads,mobile,ios
1256,signup,2025-02-02 01:45:00,paid_ads,mobile,ios
1256,login,2025-02-02 01:58:00,paid_ads,mobile,ios
1256,purchase,2025-02-02 02:20:00,paid_ads,mobile,ios
1257,visit,2025-02-08 01:37:00,organic,web,desktop
1257,signup,2025-02-08 01:51:00,organic,web,desktop
1257,login,2025-02-08 02:06:00,organic,web,desktop
1257,purchase,2025-02-08 03:01:00,organic,web,desktop
1258,visit,2025-02-13 16:39:00,paid_ads,web,desktop
1258,signup,2025-02-13 16:42:00,paid_ads,web,desktop
1259,visit,2025-01-09 05:08:00,organic,mobile,android
1259,signup,2025-01-09 05:17:00,organic,mobile,android
1260,visit,2025-01-08 07:49:00,referral,mobile,desktop
1260,signup,2025-01-08 08:09:00,referral,mobile,desktop
1260,login,2025-01-08 08:36:00,referral,mobile,desktop
1260,purchase,2025-01-08 08:47:00,referral,mobile,desktop
1261,visit,2025-01-20 15:03:00,paid_ads,mobile,ios
1261,signup,2025-01-20 15:25:00,paid_ads,mobile,ios
1261,login,2025-01-20 15:28:00,paid_ads,mobile,ios
1261,purchase,2025-01-20 16:10:00,paid_ads,mobile,ios
1262,visit,2025-01-14 10:17:00,social,mobile,desktop
1262,signup,2025-01-14 10:40:00,social,mobile,desktop
1262,login,2025-01-14 11:05:00,social,mobile,desktop
1263,visit,2025-02-27 18:54:00,paid_ads,mobile,ios
1263,signup,2025-02-27 19:07:00,paid_ads,mobile,ios
1263,login,2025-02-27 19:30:00,paid_ads,mobile,ios
1263,purchase,2025-02-27 20:02:00,paid_ads,mobile,ios
1264,visit,2025-02-20 11:17:00,paid_ads,mobile,desktop
1264,signup,2025-02-20 11:36:00,paid_ads,mobile,desktop
1264,login,2025-02-20 12:00:00,paid_ads,mobile,desktop
1265,visit,2025-01-03 09:50:00,paid_ads,web,android
1265,signup,2025-01-03 10:19:00,paid_ads,web,android
1265,login,2025-01-03 10:34:00,paid_ads,web,android
1265,purchase,2025-01-03 10:46:00,paid_ads,web,android
1266,visit,2025-02-18 20:30:00,paid_ads,web,desktop
1266,signup,2025-02-18 20:54:00,paid_ads,web,desktop
1266,login,2025-02-18 20:58:00,paid_ads,web,desktop
1267,visit,2025-01-20 23:49:00,paid_ads,mobile,ios
1268,visit,2025-02-01 08:35:00,social,mobile,desktop
1268,signup,2025-02-01 08:37:00,social,mobile,desktop
1268,login,2025-02-01 08:39:00,social,mobile,desktop
1269,visit,2025-02-05 05:38:00,referral,mobile,ios
1269,signup,2025-02-05 05:57:00,referral,mobile,ios
1269,login,2025-02-05 06:26:00,referral,mobile,ios
1269,purchase,2025-02-05 07:11:00,referral,mobile,ios
1270,visit,2025-01-18 07:20:00,referral,mobile,ios
1270,signup,2025-01-18 07:23:00,referral,mobile,ios
1271,visit,2025-02-05 15:29:00,referral,mobile,desktop
1271,signup,2025-02-05 15:41:00,referral,mobile,desktop
1271,login,2025-02-05 15:43:00,referral,mobile,desktop
1271,purchase,2025-02-05 15:48:00,referral,mobile,desktop
1272,visit,2025-02-07 12:40:00,organic,mobile,ios
1272,signup,2025-02-07 13:08:00,organic,mobile,ios
1272,login,2025-02-07 13:22:00,organic,mobile,ios
1273,visit,2025-01-25 19:01:00,social,mobile,desktop
1273,signup,2025-01-25 19:18:00,social,mobile,desktop
1273,login,2025-01-25 19:43:00,social,mobile,desktop
1273,purchase,2025-01-25 20:18:00,social,mobile,desktop
1274,visit,2025-02-06 04:00:00,organic,web,ios
1274,signup,2025-02-06 04:24:00,organic,web,ios
1274,login,2025-02-06 04:47:00,organic,web,ios
1274,purchase,2025-02-06 04:58:00,organic,web,ios
1275,visit,2025-01-10 02:53:00,organic,mobile,ios
1275,signup,2025-01-10 03:03:00,organic,mobile,ios
1275,login,2025-01-10 03:15:00,organic,mobile,ios
1276,visit,2025-01-01 04:19:00,organic,web,android
1276,signup,2025-01-01 04:31:00,organic,web,android
1277,visit,2025-02-23 19:27:00,referral,mobile,desktop
1277,signup,2025-02-23 19:32:00,referral,mobile,desktop
1277,login,2025-02-23 19:44:00,referral,mobile,desktop
1277,purchase,2025-02-23 20:33:00,referral,mobile,desktop
1278,visit,2025-02-25 11:55:00,referral,mobile,desktop
1278,signup,2025-02-25 12:10:00,referral,mobile,desktop
1278,login,2025-02-25 12:37:00,referral,mobile,desktop
1278,purchase,2025-02-25 13:27:00,referral,mobile,desktop
1279,visit,2025-01-14 01:08:00,referral,mobile,android
1279,signup,2025-01-14 01:28:00,referral,mobile,android
1279,login,2025-01-14 01:29:00,referral,mobile,android
1279,purchase,2025-01-14 01:35:00,referral,mobile,android
1280,visit,2025-02-06 20:58:00,social,mobile,ios
1280,signup,2025-02-06 21:15:00,social,mobile,ios
1280,login,2025-02-06 21:27:00,social,mobile,ios
1280,purchase,2025-02-06 22:20:00,social,mobile,ios
1281,visit,2025-02-19 23:58:00,organic,web,android
1281,signup,2025-02-20 00:00:00,organic,web,android
1281,login,2025-02-20 00:29:00,organic,web,android
1282,visit,2025-01-31 23:46:00,referral,mobile,android
1282,signup,2025-02-01 00:09:00,referral,mobile,android
1282,login,2025-02-01 00:29:00,referral,mobile,android
1282,purchase,2025-02-01 01:14:00,referral,mobile,android
1283,visit,2025-02-21 15:49:00,referral,web,android
1283,signup,2025-02-21 16:12:00,referral,web,android
1283,login,2025-02-21 16:33:00,referral,web,android
1283,purchase,2025-02-21 16:41:00,referral,web,android
1284,visit,2025-01-29 05:04:00,organic,mobile,android
1285,visit,2025-02-16 01:00:00,social,web,android
1286,visit,2025-01-26 10:09:00,organic,mobile,android
1286,signup,2025-01-26 10:27:00,organic,mobile,android
1286,login,2025-01-26 10:35:00,organic,mobile,android
1287,visit,2025-02-18 11:26:00,organic,web,ios
1288,visit,2025-02-15 03:32:00,social,mobile,ios
1288,signup,2025-02-15 03:48:00,social,mobile,ios
1289,visit,2025-02-17 04:40:00,referral,web,desktop
1289,signup,2025-02-17 05:08:00,referral,web,desktop
1289,login,2025-02-17 05:14:00,referral,web,desktop
1289,purchase,2025-02-17 05:47:00,referral,web,desktop
1290,visit,2025-02-10 15:12:00,social,web,android
1290,signup,2025-02-10 15:25:00,social,web,android
1290,login,2025-02-10 15:36:00,social,web,android
1291,visit,2025-02-07 13:03:00,referral,mobile,desktop
1291,signup,2025-02-07 13:09:00,referral,mobile,desktop
1292,visit,2025-01-13 08:22:00,organic,web,ios
1292,signup,2025-01-13 08:33:00,organic,web,ios
1292,login,2025-01-13 08:55:00,organic,web,ios
1293,visit,2025-01-21 14:00:00,paid_ads,mobile,ios
1293,signup,2025-01-21 14:07:00,paid_ads,mobile,ios
1293,login,2025-01-21 14:26:00,paid_ads,mobile,ios
1293,purchase,2025-01-21 14:51:00,paid_ads,mobile,ios
1294,visit,2025-02-02 16:31:00,organic,mobile,desktop
1294,signup,2025-02-02 16:43:00,organic,mobile,desktop
1294,login,2025-02-02 16:54:00,organic,mobile,desktop
1295,visit,2025-02-15 13:09:00,paid_ads,web,android
1295,signup,2025-02-15 13:18:00,paid_ads,web,android
1295,login,2025-02-15 13:44:00,paid_ads,web,android
1296,visit,2025-01-02 05:27:00,organic,web,android
1296,signup,2025-01-02 05:53:00,organic,web,android
1296,login,2025-01-02 05:58:00,organic,web,android
1296,purchase,2025-01-02 06:35:00,organic,web,android
1297,visit,2025-01-15 11:35:00,social,mobile,android
1297,signup,2025-01-15 11:51:00,social,mobile,android
1297,login,2025-01-15 12:05:00,social,mobile,android
1298,visit,2025-02-28 10:44:00,referral,mobile,desktop
1299,visit,2025-02-12 22:15:00,referral,web,android
1299,signup,2025-02-12 22:43:00,referral,web,android
1300,visit,2025-02-05 10:50:00,paid_ads,web,desktop
1300,signup,2025-02-05 11:11:00,paid_ads,web,desktop
1300,login,2025-02-05 11:30:00,paid_ads,web,desktop
1300,purchase,2025-02-05 11:34:00,paid_ads,web,desktop
1301,visit,2025-02-17 20:51:00,social,mobile,android
1301,signup,2025-02-17 21:20:00,social,mobile,android
1302,visit,2025-02-04 07:15:00,social,web,android
1302,signup,2025-02-04 07:33:00,social,web,android
1302,login,2025-02-04 07:46:00,social,web,android
1302,purchase,2025-02-04 08:11:00,social,web,android
1303,visit,2025-01-30 10:06:00,social,mobile,desktop
1303,signup,2025-01-30 10:16:00,social,mobile,desktop
1304,visit,2025-01-31 06:55:00,referral,mobile,android
1304,signup,2025-01-31 07:24:00,referral,mobile,android
1304,login,2025-01-31 07:28:00,referral,mobile,android
1304,purchase,2025-01-31 08:22:00,referral,mobile,android
1305,visit,2025-01-07 21:00:00,social,mobile,android
1305,signup,2025-01-07 21:13:00,social,mobile,android
1305,login,2025-01-07 21:40:00,social,mobile,android
1305,purchase,2025-01-07 22:02:00,social,mobile,android
1306,visit,2025-02-23 20:21:00,social,web,ios
1306,signup,2025-02-23 20:47:00,social,web,ios
1306,login,2025-02-23 20:57:00,social,web,ios
1306,purchase,2025-02-23 21:54:00,social,web,ios
1307,visit,2025-02-11 07:23:00,paid_ads,mobile,desktop
1307,signup,2025-02-11 07:49:00,paid_ads,mobile,desktop
1307,login,2025-02-11 07:53:00,paid_ads,mobile,desktop
1307,purchase,2025-02-11 08:12:00,paid_ads,mobile,desktop
1308,visit,2025-02-05 06:09:00,referral,web,android
1309,visit,2025-01-19 03:09:00,referral,mobile,android
1309,signup,2025-01-19 03:27:00,referral,mobile,android
1309,login,2025-01-19 03:44:00,referral,mobile,android
1310,visit,2025-02-03 00:54:00,paid_ads,mobile,desktop
1310,signup,2025-02-03 01:16:00,paid_ads,mobile,desktop
1310,login,2025-02-03 01:31:00,paid_ads,mobile,desktop
1310,purchase,2025-02-03 01:38:00,paid_ads,mobile,desktop
1311,visit,2025-02-01 10:09:00,paid_ads,mobile,desktop
1311,signup,2025-02-01 10:22:00,paid_ads,mobile,desktop
1311,login,2025-02-01 10:47:00,paid_ads,mobile,desktop
1312,visit,2025-02-04 06:20:00,referral,web,ios
1312,signup,2025-02-04 06:30:00,referral,web,ios
1312,login,2025-02-04 06:37:00,referral,web,ios
1313,visit,2025-01-11 06:23:00,referral,web,ios
1313,signup,2025-01-11 06:42:00,referral,web,ios
1313,login,2025-01-11 06:48:00,referral,web,ios
1314,visit,2025-02-08 12:45:00,paid_ads,mobile,ios
1314,signup,2025-02-08 12:50:00,paid_ads,mobile,ios
1315,visit,2025-01-03 08:07:00,paid_ads,web,android
1315,signup,2025-01-03 08:13:00,paid_ads,web,android
1315,login,2025-01-03 08:17:00,paid_ads,web,android
1315,purchase,2025-01-03 08:19:00,paid_ads,web,android
1316,visit,2025-03-01 04:43:00,social,mobile,ios
1316,signup,2025-03-01 05:04:00,social,mobile,ios
1316,login,2025-03-01 05:12:00,social,mobile,ios
1317,visit,2025-02-23 11:57:00,referral,web,android
1317,signup,2025-02-23 12:03:00,referral,web,android
1317,login,2025-02-23 12:15:00,referral,web,android
1318,visit,2025-01-17 02:33:00,referral,mobile,ios
1318,signup,2025-01-17 02:53:00,referral,mobile,ios
1318,login,2025-01-17 03:05:00,referral,mobile,ios
1318,purchase,2025-01-17 03:10:00,referral,mobile,ios
1319,visit,2025-01-13 14:56:00,referral,web,ios
1319,signup,2025-01-13 15:06:00,referral,web,ios
1319,login,2025-01-13 15:31:00,referral,web,ios
1320,visit,2025-01-12 16:15:00,organic,web,ios
1320,signup,2025-01-12 16:35:00,organic,web,ios
1320,login,2025-01-12 16:48:00,organic,web,ios
1320,purchase,2025-01-12 17:39:00,organic,web,ios
1321,visit,2025-02-09 21:04:00,social,web,ios
1321,signup,2025-02-09 21:28:00,social,web,ios
1321,login,2025-02-09 21:53:00,social,web,ios
1322,visit,2025-01-20 05:21:00,organic,mobile,desktop
1322,signup,2025-01-20 05:28:00,organic,mobile,desktop
1323,visit,2025-02-22 15:11:00,organic,mobile,desktop
1323,signup,2025-02-22 15:13:00,organic,mobile,desktop
1323,login,2025-02-22 15:17:00,organic,mobile,desktop
1323,purchase,2025-02-22 16:07:00,organic,mobile,desktop
1324,visit,2025-02-14 01:40:00,social,web,desktop
1324,signup,2025-02-14 02:07:00,social,web,desktop
1324,login,2025-02-14 02:08:00,social,web,desktop
1324,purchase,2025-02-14 03:00:00,social,web,desktop
1325,visit,2025-01-23 03:17:00,social,web,android
1325,signup,2025-01-23 03:20:00,social,web,android
1326,visit,2025-01-15 21:59:00,social,mobile,android
1327,visit,2025-02-11 11:46:00,paid_ads,web,ios
1327,signup,2025-02-11 11:52:00,paid_ads,web,ios
1328,visit,2025-02-04 23:41:00,referral,web,desktop
1329,visit,2025-01-06 02:15:00,paid_ads,web,ios
1329,signup,2025-01-06 02:29:00,paid_ads,web,ios
1329,login,2025-01-06 02:50:00,paid_ads,web,ios
1329,purchase,2025-01-06 03:17:00,paid_ads,web,ios
1330,visit,2025-01-02 02:17:00,referral,web,android
1331,visit,2025-01-18 09:24:00,paid_ads,web,android
1331,signup,2025-01-18 09:53:00,paid_ads,web,android
1332,visit,2025-02-05 13:00:00,social,mobile,android
1332,signup,2025-02-05 13:22:00,social,mobile,android
1333,visit,2025-02-21 02:34:00,organic,mobile,android
1333,signup,2025-02-21 02:59:00,organic,mobile,android
1333,login,2025-02-21 03:01:00,organic,mobile,android
1333,purchase,2025-02-21 03:35:00,organic,mobile,android
1334,visit,2025-01-04 14:03:00,paid_ads,web,android
1334,signup,2025-01-04 14:15:00,paid_ads,web,android
1335,visit,2025-02-01 12:30:00,social,mobile,ios
1335,signup,2025-02-01 12:48:00,social,mobile,ios
1335,login,2025-02-01 12:54:00,social,mobile,ios
1335,purchase,2025-02-01 13:37:00,social,mobile,ios
1336,visit,2025-01-02 22:18:00,referral,mobile,android
1336,signup,2025-01-02 22:23:00,referral,mobile,android
1337,visit,2025-01-10 01:10:00,social,web,android
1337,signup,2025-01-10 01:34:00,social,web,android
1337,login,2025-01-10 01:57:00,social,web,android
1337,purchase,2025-01-10 02:32:00,social,web,android
1338,visit,2025-01-21 08:27:00,referral,web,desktop
1338,signup,2025-01-21 08:46:00,referral,web,desktop
1338,login,2025-01-21 09:02:00,referral,web,desktop
1338,purchase,2025-01-21 09:06:00,referral,web,desktop
1339,visit,2025-01-04 06:39:00,referral,mobile,ios
1340,visit,2025-02-08 19:28:00,social,mobile,desktop
1340,signup,2025-02-08 19:56:00,social,mobile,desktop
1341,visit,2025-02-19 04:51:00,referral,mobile,desktop
1341,signup,2025-02-19 05:20:00,referral,mobile,desktop
1341,login,2025-02-19 05:47:00,referral,mobile,desktop
1341,purchase,2025-02-19 06:01:00,referral,mobile,desktop
1342,visit,2025-01-07 04:21:00,organic,mobile,android
1343,visit,2025-02-24 01:26:00,paid_ads,mobile,desktop
1343,signup,2025-02-24 01:32:00,paid_ads,mobile,desktop
1343,login,2025-02-24 01:42:00,paid_ads,mobile,desktop
1344,visit,2025-02-25 06:04:00,paid_ads,mobile,ios
1344,signup,2025-02-25 06:25:00,paid_ads,mobile,ios
1345,visit,2025-02-14 20:52:00,paid_ads,web,ios
1346,visit,2025-02-14 03:16:00,organic,mobile,android
1346,signup,2025-02-14 03:44:00,organic,mobile,android
1346,login,2025-02-14 04:05:00,organic,mobile,android
1347,visit,2025-02-24 20:25:00,organic,mobile,ios
1347,signup,2025-02-24 20:27:00,organic,mobile,ios
1347,login,2025-02-24 20:55:00,organic,mobile,ios
1348,visit,2025-02-04 08:28:00,paid_ads,web,android
1348,signup,2025-02-04 08:34:00,paid_ads,web,android
1348,login,2025-02-04 08:44:00,paid_ads,web,android
1349,visit,2025-02-10 16:55:00,social,mobile,desktop
1349,signup,2025-02-10 16:56:00,social,mobile,desktop
1350,visit,2025-02-17 00:09:00,paid_ads,web,ios
1351,visit,2025-03-01 07:20:00,social,mobile,desktop
1352,visit,2025-02-24 01:07:00,social,mobile,android
1353,visit,2025-01-08 16:14:00,social,web,android
1354,visit,2025-01-23 23:44:00,organic,web,desktop
1354,signup,2025-01-23 23:56:00,organic,web,desktop
1354,login,2025-01-24 00:01:00,organic,web,desktop
1354,purchase,2025-01-24 00:09:00,organic,web,desktop
1355,visit,2025-02-26 22:42:00,referral,mobile,desktop
1355,signup,2025-02-26 23:01:00,referral,mobile,desktop
1355,login,2025-02-26 23:25:00,referral,mobile,desktop
1355,purchase,2025-02-26 23:45:00,referral,mobile,desktop
1356,visit,2025-01-21 07:57:00,referral,web,android
1356,signup,2025-01-21 08:01:00,referral,web,android
1356,login,2025-01-21 08:16:00,referral,web,android
1357,visit,2025-02-20 18:42:00,organic,mobile,android
1357,signup,2025-02-20 18:47:00,organic,mobile,android
1357,login,2025-02-20 18:55:00,organic,mobile,android
1357,purchase,2025-02-20 19:33:00,organic,mobile,android
1358,visit,2025-02-16 15:27:00,social,mobile,ios
1359,visit,2025-01-08 07:24:00,social,web,ios
1360,visit,2025-01-15 17:02:00,paid_ads,mobile,desktop
1360,signup,2025-01-15 17:06:00,paid_ads,mobile,desktop
1361,visit,2025-02-10 22:49:00,social,web,ios
1361,signup,2025-02-10 22:53:00,social,web,ios
1361,login,2025-02-10 23:01:00,social,web,ios
1361,purchase,2025-02-10 23:14:00,social,web,ios
1362,visit,2025-02-22 15:31:00,organic,mobile,ios
1362,signup,2025-02-22 15:33:00,organic,mobile,ios
1362,login,2025-02-22 15:48:00,organic,mobile,ios
1362,purchase,2025-02-22 16:06:00,organic,mobile,ios
1363,visit,2025-02-24 08:24:00,social,mobile,desktop
1363,signup,2025-02-24 08:38:00,social,mobile,desktop
1363,login,2025-02-24 09:03:00,social,mobile,desktop
1363,purchase,2025-02-24 09:55:00,social,mobile,desktop
1364,visit,2025-01-30 19:20:00,paid_ads,web,desktop
1364,signup,2025-01-30 19:39:00,paid_ads,web,desktop
1365,visit,2025-02-25 20:34:00,social,mobile,desktop
1365,signup,2025-02-25 20:57:00,social,mobile,desktop
1366,visit,2025-01-12 08:46:00,organic,web,ios
1366,signup,2025-01-12 08:59:00,organic,web,ios
1366,login,2025-01-12 09:07:00,organic,web,ios
1367,visit,2025-02-15 06:22:00,paid_ads,mobile,android
1367,signup,2025-02-15 06:33:00,paid_ads,mobile,android
1367,login,2025-02-15 06:55:00,paid_ads,mobile,android
1368,visit,2025-01-22 12:17:00,social,mobile,ios
1368,signup,2025-01-22 12:38:00,social,mobile,ios
1369,visit,2025-01-27 17:30:00,paid_ads,mobile,ios
1369,signup,2025-01-27 17:53:00,paid_ads,mobile,ios
1370,visit,2025-01-13 21:42:00,organic,mobile,ios
1370,signup,2025-01-13 21:43:00,organic,mobile,ios
1370,login,2025-01-13 22:05:00,organic,mobile,ios
1371,visit,2025-01-29 06:43:00,referral,mobile,desktop
1371,signup,2025-01-29 06:48:00,referral,mobile,desktop
1371,login,2025-01-29 06:58:00,referral,mobile,desktop
1372,visit,2025-01-08 00:43:00,social,web,android
1372,signup,2025-01-08 00:44:00,social,web,android
1372,login,2025-01-08 00:47:00,social,web,android
1372,purchase,2025-01-08 01:29:00,social,web,android
1373,visit,2025-02-03 10:24:00,referral,web,android
1373,signup,2025-02-03 10:38:00,referral,web,android
1373,login,2025-02-03 11:05:00,referral,web,android
1374,visit,2025-02-17 12:08:00,organic,mobile,ios
1374,signup,2025-02-17 12:30:00,organic,mobile,ios
1375,visit,2025-02-27 21:11:00,social,web,android
1375,signup,2025-02-27 21:25:00,social,web,android
1376,visit,2025-02-22 19:10:00,social,web,desktop
1376,signup,2025-02-22 19:33:00,social,web,desktop
1376,login,2025-02-22 19:52:00,social,web,desktop
1377,visit,2025-01-04 14:03:00,referral,web,ios
1377,signup,2025-01-04 14:27:00,referral,web,ios
1377,login,2025-01-04 14:53:00,referral,web,ios
1377,purchase,2025-01-04 15:14:00,referral,web,ios
1378,visit,2025-02-23 07:38:00,paid_ads,web,desktop
1378,signup,2025-02-23 07:44:00,paid_ads,web,desktop
1378,login,2025-02-23 08:12:00,paid_ads,web,desktop
1379,visit,2025-01-20 16:54:00,social,web,desktop
1380,visit,2025-01-29 13:02:00,paid_ads,web,ios
1380,signup,2025-01-29 13:18:00,paid_ads,web,ios
1380,login,2025-01-29 13:38:00,paid_ads,web,ios
1381,visit,2025-01-24 01:29:00,paid_ads,web,desktop
1382,visit,2025-01-31 18:48:00,social,web,ios
1382,signup,2025-01-31 19:07:00,social,web,ios
1382,login,2025-01-31 19:20:00,social,web,ios
1383,visit,2025-02-27 05:52:00,organic,mobile,desktop
1383,signup,2025-02-27 06:11:00,organic,mobile,desktop
1383,login,2025-02-27 06:15:00,organic,mobile,desktop
1383,purchase,2025-02-27 07:04:00,organic,mobile,desktop
1384,visit,2025-02-24 00:17:00,paid_ads,mobile,desktop
1384,signup,2025-02-24 00:34:00,paid_ads,mobile,desktop
1384,login,2025-02-24 01:01:00,paid_ads,mobile,desktop
1385,visit,2025-02-26 21:44:00,organic,web,desktop
1385,signup,2025-02-26 21:50:00,organic,web,desktop
1385,login,2025-02-26 22:06:00,organic,web,desktop
1385,purchase,2025-02-26 22:21:00,organic,web,desktop
1386,visit,2025-01-06 14:13:00,organic,mobile,desktop
1386,signup,2025-01-06 14:20:00,organic,mobile,desktop
1386,login,2025-01-06 14:36:00,organic,mobile,desktop
1386,purchase,2025-01-06 15:28:00,organic,mobile,desktop
1387,visit,2025-01-10 17:02:00,social,web,desktop
1387,signup,2025-01-10 17:19:00,social,web,desktop
1387,login,2025-01-10 17:41:00,social,web,desktop
1387,purchase,2025-01-10 17:58:00,social,web,desktop
1388,visit,2025-02-28 12:50:00,social,web,desktop
1389,visit,2025-02-11 02:45:00,referral,web,ios
1389,signup,2025-02-11 02:50:00,referral,web,ios
1390,visit,2025-02-06 19:48:00,organic,mobile,android
1390,signup,2025-02-06 19:53:00,organic,mobile,android
1391,visit,2025-01-26 03:38:00,social,web,android
1392,visit,2025-02-04 00:23:00,paid_ads,web,ios
1392,signup,2025-02-04 00:29:00,paid_ads,web,ios
1392,login,2025-02-04 00:43:00,paid_ads,web,ios
1393,visit,2025-03-01 19:23:00,social,mobile,ios
1393,signup,2025-03-01 19:44:00,social,mobile,ios
1393,login,2025-03-01 19:56:00,social,mobile,ios
1393,purchase,2025-03-01 20:18:00,social,mobile,ios
1394,visit,2025-01-28 06:34:00,organic,web,android
1394,signup,2025-01-28 06:48:00,organic,web,android
1394,login,2025-01-28 07:04:00,organic,web,android
1394,purchase,2025-01-28 07:35:00,organic,web,android
1395,visit,2025-02-11 12:05:00,referral,mobile,ios
1395,signup,2025-02-11 12:18:00,referral,mobile,ios
1396,visit,2025-02-12 19:17:00,organic,mobile,ios
1397,visit,2025-02-26 20:03:00,referral,web,desktop
1397,signup,2025-02-26 20:30:00,referral,web,desktop
1397,login,2025-02-26 20:45:00,referral,web,desktop
1397,purchase,2025-02-26 21:41:00,referral,web,desktop
1398,visit,2025-01-11 19:23:00,social,web,desktop
1398,signup,2025-01-11 19:30:00,social,web,desktop
1398,login,2025-01-11 19:56:00,social,web,desktop
1398,purchase,2025-01-11 20:10:00,social,web,desktop
1399,visit,2025-02-26 04:57:00,paid_ads,mobile,ios
1400,visit,2025-01-05 02:22:00,social,mobile,ios
1400,signup,2025-01-05 02:46:00,social,mobile,ios
1400,login,2025-01-05 03:05:00,social,mobile,ios
1401,visit,2025-01-12 08:32:00,social,mobile,ios
1401,signup,2025-01-12 08:36:00,social,mobile,ios
1401,login,2025-01-12 09:01:00,social,mobile,ios
1402,visit,2025-02-24 00:16:00,referral,web,ios
1403,visit,2025-02-03 10:40:00,organic,web,android
1403,signup,2025-02-03 10:57:00,organic,web,android
1403,login,2025-02-03 11:03:00,organic,web,android
1403,purchase,2025-02-03 11:37:00,organic,web,android
1404,visit,2025-01-01 09:20:00,referral,web,android
1404,signup,2025-01-01 09:42:00,referral,web,android
1405,visit,2025-01-02 09:33:00,social,mobile,android
1406,visit,2025-02-20 06:21:00,referral,web,android
1406,signup,2025-02-20 06:36:00,referral,web,android
1406,login,2025-02-20 07:04:00,referral,web,android
1406,purchase,2025-02-20 07:39:00,referral,web,android
1407,visit,2025-02-20 16:31:00,referral,mobile,ios
1407,signup,2025-02-20 16:51:00,referral,mobile,ios
1407,login,2025-02-20 16:55:00,referral,mobile,ios
1408,visit,2025-01-22 14:55:00,social,mobile,desktop
1408,signup,2025-01-22 15:10:00,social,mobile,desktop
1409,visit,2025-01-28 13:26:00,referral,web,desktop
1410,visit,2025-02-09 16:01:00,organic,web,android
1410,signup,2025-02-09 16:04:00,organic,web,android
1411,visit,2025-02-02 09:51:00,organic,mobile,desktop
1411,signup,2025-02-02 09:58:00,organic,mobile,desktop
1411,login,2025-02-02 10:23:00,organic,mobile,desktop
1411,purchase,2025-02-02 11:06:00,organic,mobile,desktop
1412,visit,2025-01-19 04:50:00,organic,mobile,ios
1412,signup,2025-01-19 05:02:00,organic,mobile,ios
1412,login,2025-01-19 05:26:00,organic,mobile,ios
1412,purchase,2025-01-19 06:07:00,organic,mobile,ios
1413,visit,2025-02-05 04:20:00,organic,mobile,android
1413,signup,2025-02-05 04:29:00,organic,mobile,android
1413,login,2025-02-05 04:45:00,organic,mobile,android
1414,visit,2025-01-18 09:59:00,referral,web,android
1414,signup,2025-01-18 10:11:00,referral,web,android
1414,login,2025-01-18 10:27:00,referral,web,android
1415,visit,2025-01-03 17:42:00,social,mobile,desktop
1416,visit,2025-02-02 00:54:00,paid_ads,web,ios
1416,signup,2025-02-02 00:59:00,paid_ads,web,ios
1417,visit,2025-02-17 10:36:00,referral,web,desktop
1417,signup,2025-02-17 10:42:00,referral,web,desktop
1418,visit,2025-01-19 08:11:00,social,mobile,desktop
1418,signup,2025-01-19 08:34:00,social,mobile,desktop
1419,visit,2025-02-14 22:52:00,social,web,android
1419,signup,2025-02-14 23:05:00,social,web,android
1419,login,2025-02-14 23:33:00,social,web,android
1420,visit,2025-01-31 22:26:00,organic,mobile,desktop
1420,signup,2025-01-31 22:29:00,organic,mobile,desktop
1420,login,2025-01-31 22:54:00,organic,mobile,desktop
1421,visit,2025-01-26 04:34:00,paid_ads,mobile,ios
1421,signup,2025-01-26 05:03:00,paid_ads,mobile,ios
1421,login,2025-01-26 05:09:00,paid_ads,mobile,ios
1422,visit,2025-01-19 11:56:00,social,mobile,android
1422,signup,2025-01-19 12:11:00,social,mobile,android
1422,login,2025-01-19 12:20:00,social,mobile,android
1422,purchase,2025-01-19 12:54:00,social,mobile,android
1423,visit,2025-01-22 02:11:00,organic,web,desktop
1423,signup,2025-01-22 02:37:00,organic,web,desktop
1423,login,2025-01-22 03:05:00,organic,web,desktop
1424,visit,2025-02-02 20:34:00,referral,web,desktop
1424,signup,2025-02-02 20:43:00,referral,web,desktop
1425,visit,2025-01-18 10:56:00,organic,web,ios
1425,signup,2025-01-18 11:18:00,organic,web,ios
1426,visit,2025-02-13 10:29:00,paid_ads,mobile,android
1427,visit,2025-02-04 00:19:00,referral,mobile,desktop
1427,signup,2025-02-04 00:21:00,referral,mobile,desktop
1427,login,2025-02-04 00:29:00,referral,mobile,desktop
1427,purchase,2025-02-04 01:16:00,referral,mobile,desktop
1428,visit,2025-02-08 05:08:00,social,mobile,ios
1428,signup,2025-02-08 05:09:00,social,mobile,ios
1429,visit,2025-01-23 02:03:00,social,web,desktop
1430,visit,2025-02-16 05:14:00,paid_ads,web,ios
1430,signup,2025-02-16 05:17:00,paid_ads,web,ios
1431,visit,2025-02-22 13:51:00,organic,web,android
1432,visit,2025-01-12 16:38:00,referral,mobile,android
1433,visit,2025-03-01 12:14:00,referral,mobile,android
1433,signup,2025-03-01 12:15:00,referral,mobile,android
1434,visit,2025-01-27 22:58:00,paid_ads,web,android
1434,signup,2025-01-27 23:22:00,paid_ads,web,android
1434,login,2025-01-27 23:36:00,paid_ads,web,android
1435,visit,2025-01-08 02:18:00,referral,web,android
1436,visit,2025-01-14 19:48:00,referral,mobile,desktop
1436,signup,2025-01-14 20:12:00,referral,mobile,desktop
1436,login,2025-01-14 20:18:00,referral,mobile,desktop
1436,purchase,2025-01-14 21:06:00,referral,mobile,desktop
1437,visit,2025-02-26 18:45:00,paid_ads,mobile,ios
1438,visit,2025-02-11 18:08:00,organic,web,desktop
1439,visit,2025-02-14 06:13:00,social,web,desktop
1439,signup,2025-02-14 06:40:00,social,web,desktop
1439,login,2025-02-14 07:05:00,social,web,desktop
1439,purchase,2025-02-14 07:52:00,social,web,desktop
1440,visit,2025-02-21 13:55:00,social,mobile,android
1440,signup,2025-02-21 14:24:00,social,mobile,android
1440,login,2025-02-21 14:41:00,social,mobile,android
1440,purchase,2025-02-21 15:14:00,social,mobile,android
1441,visit,2025-02-25 19:24:00,organic,web,android
1442,visit,2025-02-22 02:40:00,referral,web,desktop
1442,signup,2025-02-22 02:49:00,referral,web,desktop
1442,login,2025-02-22 02:53:00,referral,web,desktop
1443,visit,2025-01-02 08:45:00,referral,web,ios
1443,signup,2025-01-02 09:09:00,referral,web,ios
1443,login,2025-01-02 09:32:00,referral,web,ios
1444,visit,2025-02-18 15:29:00,social,web,android
1444,signup,2025-02-18 15:40:00,social,web,android
1445,visit,2025-02-19 20:20:00,organic,mobile,desktop
1445,signup,2025-02-19 20:40:00,organic,mobile,desktop
1445,login,2025-02-19 20:52:00,organic,mobile,desktop
1445,purchase,2025-02-19 21:01:00,organic,mobile,desktop
1446,visit,2025-01-09 03:34:00,referral,web,android
1447,visit,2025-01-24 00:07:00,referral,mobile,ios
1447,signup,2025-01-24 00:22:00,referral,mobile,ios
1447,login,2025-01-24 00:44:00,referral,mobile,ios
1447,purchase,2025-01-24 01:31:00,referral,mobile,ios
1448,visit,2025-01-15 08:18:00,referral,mobile,desktop
1449,visit,2025-01-29 21:39:00,referral,web,android
1450,visit,2025-02-07 19:56:00,paid_ads,mobile,ios
1450,signup,2025-02-07 20:00:00,paid_ads,mobile,ios
1450,login,2025-02-07 20:28:00,paid_ads,mobile,ios
1450,purchase,2025-02-07 20:50:00,paid_ads,mobile,ios
1451,visit,2025-01-12 12:02:00,social,web,android
1451,signup,2025-01-12 12:04:00,social,web,android
1451,login,2025-01-12 12:31:00,social,web,android
1452,visit,2025-01-01 07:22:00,organic,web,android
1452,signup,2025-01-01 07:44:00,organic,web,android
1452,login,2025-01-01 08:01:00,organic,web,android
1452,purchase,2025-01-01 08:07:00,organic,web,android
1453,visit,2025-01-26 07:18:00,referral,web,android
1453,signup,2025-01-26 07:19:00,referral,web,android
1453,login,2025-01-26 07:32:00,referral,web,android
1453,purchase,2025-01-26 08:12:00,referral,web,android
1454,visit,2025-01-14 02:47:00,social,mobile,desktop
1454,signup,2025-01-14 03:11:00,social,mobile,desktop
1454,login,2025-01-14 03:40:00,social,mobile,desktop
1454,purchase,2025-01-14 04:26:00,social,mobile,desktop
1455,visit,2025-02-18 07:42:00,social,web,desktop
1456,visit,2025-02-02 06:20:00,organic,web,android
1456,signup,2025-02-02 06:30:00,organic,web,android
1456,login,2025-02-02 06:39:00,organic,web,android
1456,purchase,2025-02-02 07:16:00,organic,web,android
1457,visit,2025-02-18 08:16:00,social,web,desktop
1457,signup,2025-02-18 08:35:00,social,web,desktop
1458,visit,2025-02-24 08:38:00,organic,web,android
1458,signup,2025-02-24 08:49:00,organic,web,android
1458,login,2025-02-24 09:00:00,organic,web,android
1458,purchase,2025-02-24 09:46:00,organic,web,android
1459,visit,2025-02-14 00:39:00,paid_ads,web,ios
1459,signup,2025-02-14 00:51:00,paid_ads,web,ios
1460,visit,2025-02-22 12:11:00,paid_ads,web,desktop
1460,signup,2025-02-22 12:12:00,paid_ads,web,desktop
1461,visit,2025-02-08 04:07:00,referral,mobile,ios
1462,visit,2025-02-15 22:29:00,referral,mobile,ios
1462,signup,2025-02-15 22:52:00,referral,mobile,ios
1462,login,2025-02-15 23:12:00,referral,mobile,ios
1463,visit,2025-01-02 03:29:00,social,web,android
1464,visit,2025-02-05 17:36:00,organic,mobile,android
1464,signup,2025-02-05 18:04:00,organic,mobile,android
1464,login,2025-02-05 18:21:00,organic,mobile,android
1464,purchase,2025-02-05 19:19:00,organic,mobile,android
1465,visit,2025-02-20 14:40:00,social,mobile,ios
1466,visit,2025-01-29 08:09:00,organic,mobile,ios
1466,signup,2025-01-29 08:20:00,organic,mobile,ios
1466,login,2025-01-29 08:34:00,organic,mobile,ios
1467,visit,2025-02-23 08:56:00,organic,mobile,android
1467,signup,2025-02-23 08:59:00,organic,mobile,android
1468,visit,2025-01-27 20:01:00,referral,web,desktop
1468,signup,2025-01-27 20:04:00,referral,web,desktop
1468,login,2025-01-27 20:12:00,referral,web,desktop
1469,visit,2025-02-10 11:34:00,social,mobile,desktop
1469,signup,2025-02-10 11:57:00,social,mobile,desktop
1469,login,2025-02-10 12:23:00,social,mobile,desktop
1470,visit,2025-02-18 22:23:00,organic,mobile,android
1470,signup,2025-02-18 22:51:00,organic,mobile,android
1470,login,2025-02-18 23:02:00,organic,mobile,android
1470,purchase,2025-02-18 23:37:00,organic,mobile,android
1471,visit,2025-02-14 22:08:00,organic,mobile,ios
1471,signup,2025-02-14 22:34:00,organic,mobile,ios
1471,login,2025-02-14 22:46:00,organic,mobile,ios
1472,visit,2025-01-03 02:27:00,paid_ads,mobile,ios
1472,signup,2025-01-03 02:36:00,paid_ads,mobile,ios
1472,login,2025-01-03 02:44:00,paid_ads,mobile,ios
1473,visit,2025-02-01 21:35:00,referral,web,desktop
1473,signup,2025-02-01 21:59:00,referral,web,desktop
1473,login,2025-02-01 22:23:00,referral,web,desktop
1473,purchase,2025-02-01 22:30:00,referral,web,desktop
1474,visit,2025-01-04 04:55:00,referral,web,android
1474,signup,2025-01-04 05:10:00,referral,web,android
1474,login,2025-01-04 05:39:00,referral,web,android
1475,visit,2025-01-18 02:42:00,organic,web,desktop
1475,signup,2025-01-18 03:09:00,organic,web,desktop
1475,login,2025-01-18 03:26:00,organic,web,desktop
1475,purchase,2025-01-18 03:31:00,organic,web,desktop
1476,visit,2025-01-08 01:47:00,paid_ads,mobile,android
1476,signup,2025-01-08 01:59:00,paid_ads,mobile,android
1476,login,2025-01-08 02:03:00,paid_ads,mobile,android
1476,purchase,2025-01-08 02:53:00,paid_ads,mobile,android
1477,visit,2025-01-05 23:23:00,paid_ads,mobile,android
1477,signup,2025-01-05 23:34:00,paid_ads,mobile,android
1477,login,2025-01-06 00:00:00,paid_ads,mobile,android
1477,purchase,2025-01-06 00:54:00,paid_ads,mobile,android
1478,visit,2025-02-12 09:50:00,social,mobile,android
1478,signup,2025-02-12 10:17:00,social,mobile,android
1478,login,2025-02-12 10:38:00,social,mobile,android
1478,purchase,2025-02-12 11:15:00,social,mobile,android
1479,visit,2025-02-27 04:41:00,social,web,ios
1479,signup,2025-02-27 04:44:00,social,web,ios
1480,visit,2025-01-04 17:59:00,social,web,android
1480,signup,2025-01-04 18:28:00,social,web,android
1480,login,2025-01-04 18:43:00,social,web,android
1480,purchase,2025-01-04 19:00:00,social,web,android
1481,visit,2025-02-14 15:21:00,organic,mobile,android
1481,signup,2025-02-14 15:26:00,organic,mobile,android
1481,login,2025-02-14 15:39:00,organic,mobile,android
1482,visit,2025-01-22 20:58:00,social,web,android
1483,visit,2025-01-03 09:33:00,organic,web,android
1483,signup,2025-01-03 09:52:00,organic,web,android
1483,login,2025-01-03 10:13:00,organic,web,android
1483,purchase,2025-01-03 10:57:00,organic,web,android
1484,visit,2025-01-21 11:10:00,social,mobile,desktop
1484,signup,2025-01-21 11:29:00,social,mobile,desktop
1484,login,2025-01-21 11:53:00,social,mobile,desktop
1485,visit,2025-01-13 14:33:00,organic,mobile,ios
1485,signup,2025-01-13 14:52:00,organic,mobile,ios
1486,visit,2025-02-04 17:39:00,referral,mobile,desktop
1486,signup,2025-02-04 18:03:00,referral,mobile,desktop
1486,login,2025-02-04 18:08:00,referral,mobile,desktop
1487,visit,2025-01-08 04:16:00,organic,mobile,ios
1487,signup,2025-01-08 04:38:00,organic,mobile,ios
1487,login,2025-01-08 05:05:00,organic,mobile,ios
1488,visit,2025-01-11 21:44:00,social,web,android
1488,signup,2025-01-11 22:06:00,social,web,android
1488,login,2025-01-11 22:17:00,social,web,android
1489,visit,2025-01-05 16:55:00,social,web,desktop
1489,signup,2025-01-05 17:09:00,social,web,desktop
1489,login,2025-01-05 17:15:00,social,web,desktop
1489,purchase,2025-01-05 17:34:00,social,web,desktop
1490,visit,2025-01-26 15:43:00,social,mobile,desktop
1490,signup,2025-01-26 15:49:00,social,mobile,desktop
1490,login,2025-01-26 16:15:00,social,mobile,desktop
1490,purchase,2025-01-26 16:26:00,social,mobile,desktop
1491,visit,2025-02-02 23:22:00,paid_ads,web,desktop
1491,signup,2025-02-02 23:33:00,paid_ads,web,desktop
1492,visit,2025-02-20 17:16:00,organic,mobile,desktop
1493,visit,2025-01-14 17:27:00,organic,mobile,ios
1494,visit,2025-02-16 03:06:00,paid_ads,mobile,desktop
1495,visit,2025-02-17 08:07:00,paid_ads,web,ios
1496,visit,2025-01-17 16:48:00,paid_ads,mobile,desktop
1496,signup,2025-01-17 16:56:00,paid_ads,mobile,desktop
1496,login,2025-01-17 17:02:00,paid_ads,mobile,desktop
1496,purchase,2025-01-17 17:07:00,paid_ads,mobile,desktop
1497,visit,2025-01-13 14:45:00,referral,mobile,ios
1497,signup,2025-01-13 15:08:00,referral,mobile,ios
1497,login,2025-01-13 15:30:00,referral,mobile,ios
1498,visit,2025-02-12 02:53:00,paid_ads,mobile,ios
1498,signup,2025-02-12 03:14:00,paid_ads,mobile,ios
1498,login,2025-02-12 03:16:00,paid_ads,mobile,ios
1498,purchase,2025-02-12 03:51:00,paid_ads,mobile,ios
1499,visit,2025-02-25 14:34:00,social,mobile,desktop
1500,visit,2025-01-08 16:39:00,paid_ads,mobile,android
1500,signup,2025-01-08 16:46:00,paid_ads,mobile,android
1500,login,2025-01-08 16:50:00,paid_ads,mobile,android
